종목코드,종목명,시장구분,업종명,종가,대비,등락률,시가총액
"095570","AJ네트웍스","KOSPI","서비스업","5460","40","0.74","255649730700"
"006840","AK홀딩스","KOSPI","기타금융","21600","-400","-1.82","286147317600"
"027410","BGF","KOSPI","기타금융","5070","-20","-0.39","485284130370"
"282330","BGF리테일","KOSPI","유통업","163000","1000","0.62","2817276678000"
"138930","BNK금융지주","KOSPI","기타금융","7980","10","0.13","2600963263080"
"001460","BYC","KOSPI","섬유의복","459000","5500","1.21","286698285000"
"001465","BYC우","KOSPI","섬유의복","178000","0","0.00","38338530000"
"001040","CJ","KOSPI","기타금융","82700","-100","-0.12","2412937734600"
"079160","CJ CGV","KOSPI","서비스업","25600","-100","-0.39","1044688025600"
"00104K","CJ4우(전환)","KOSPI","기타금융","73700","300","0.41","311493934400"
"000120","CJ대한통운","KOSPI","운수창고업","124000","-1000","-0.80","2828730656000"
"011150","CJ씨푸드","KOSPI","음식료품","3700","10","0.27","132943860100"
"011155","CJ씨푸드1우","KOSPI","음식료품","37000","-100","-0.27","7400000000"
"001045","CJ우","KOSPI","기타금융","48850","100","0.21","110411893550"
"097950","CJ제일제당","KOSPI","음식료품","380500","-3500","-0.91","5728117773000"
"097955","CJ제일제당 우","KOSPI","음식료품","164000","2000","1.23","217699012000"
"000590","CS홀딩스","KOSPI","기타금융","69000","1300","1.92","79659258000"
"012030","DB","KOSPI","서비스업","865","1","0.12","174015452045"
"016610","DB금융투자","KOSPI","증권","6240","60","0.97","264865467360"
"005830","DB손해보험","KOSPI","보험","60300","500","0.84","4269240000000"
"000990","DB하이텍","KOSPI","전기전자","69500","2000","2.96","3085701866000"
"000995","DB하이텍1우","KOSPI","전기전자","96700","-200","-0.21","10860957200"
"139130","DGB금융지주","KOSPI","기타금융","9340","-10","-0.11","1579822080220"
"001530","DI동일","KOSPI","유통업","225000","1000","0.45","564897375000"
"000210","DL","KOSPI","기타금융","60400","300","0.50","1265735393600"
"001880","DL건설","KOSPI","건설업","27000","600","2.27","595438668000"
"000215","DL우","KOSPI","기타금융","36800","200","0.55","62049032000"
"375500","DL이앤씨","KOSPI","건설업","123500","1500","1.23","2390804143000"
"37550K","DL이앤씨우","KOSPI","건설업","66300","400","0.61","140150575500"
"004840","DRB동일","KOSPI","화학","5110","-110","-2.11","101842300000"
"155660","DSR","KOSPI","철강금속","5440","190","3.62","87040000000"
"069730","DSR제강","KOSPI","철강금속","4510","90","2.04","64944000000"
"017940","E1","KOSPI","유통업","46700","700","1.52","320362000000"
"365550","ESR켄달스퀘어리츠","KOSPI","서비스업","6080","30","0.50","1295581120000"
"383220","F&F","KOSPI","섬유의복","836000","30000","3.72","6404942940000"
"007700","F&F홀딩스","KOSPI","기타금융","26800","800","3.08","1048265035600"
"114090","GKL","KOSPI","서비스업","15050","100","0.67","930927833500"
"078930","GS","KOSPI","기타금융","40350","200","0.50","3749135502300"
"006360","GS건설","KOSPI","건설업","41900","1250","3.08","3585864431000"
"001250","GS글로벌","KOSPI","유통업","2220","60","2.78","183224956080"
"007070","GS리테일","KOSPI","유통업","26550","300","1.14","2780260829100"
"078935","GS우","KOSPI","기타금융","34050","50","0.15","60773325300"
"012630","HDC","KOSPI","기타금융","7630","140","1.87","455829331230"
"039570","HDC랩스","KOSPI","건설업","10350","100","0.98","268661170350"
"089470","HDC현대EP","KOSPI","화학","4735","70","1.50","151046500000"
"294870","HDC현대산업개발","KOSPI","건설업","16150","300","1.89","1064403379500"
"097230","HJ중공업","KOSPI","건설업","7470","290","4.04","622058879070"
"011200","HMM","KOSPI","운수창고업","30750","0","0.00","15037964502000"
"082740","HSD엔진","KOSPI","기계","9390","930","10.99","438712499940"
"003560","IHQ","KOSPI","서비스업","1170","0","0.00","171095825160"
"175330","JB금융지주","KOSPI","기타금융","8230","20","0.24","1621169217620"
"234080","JW생명과학","KOSPI","의약품","14950","450","3.10","236726582300"
"001060","JW중외제약","KOSPI","의약품","23250","600","2.65","515640383250"
"001067","JW중외제약2우B","KOSPI","의약품","62400","1500","2.46","6422644800"
"001065","JW중외제약우","KOSPI","의약품","34300","50","0.15","6267810500"
"096760","JW홀딩스","KOSPI","기타금융","3690","25","0.68","259940965140"
"105560","KB금융","KOSPI","기타금융","62200","-400","-0.64","25863252624000"
"002380","KCC","KOSPI","화학","323000","10000","3.19","2870330133000"
"344820","KCC글라스","KOSPI","비금속광물","57800","1700","3.03","923095593600"
"009070","KCTC","KOSPI","운수창고업","5590","130","2.38","167700000000"
"009440","KC그린홀딩스","KOSPI","기타금융","4125","95","2.36","92544292500"
"119650","KC코트렐","KOSPI","기계","5520","140","2.60","97152000000"
"092220","KEC","KOSPI","전기전자","3025","35","1.17","437863126525"
"016380","KG동부제철","KOSPI","철강금속","10400","410","4.10","1040092528800"
"016385","KG동부제철우","KOSPI","철강금속","100000","100","0.10","5338500000"
"001390","KG케미칼","KOSPI","화학","27400","650","2.43","379931030400"
"033180","KH 필룩스","KOSPI","전기전자","2100","-10","-0.47","296717448300"
"001940","KISCO홀딩스","KOSPI","철강금속","16150","400","2.54","298393537000"
"025000","KPX케미칼","KOSPI","화학","53100","900","1.72","257004000000"
"092230","KPX홀딩스","KOSPI","화학","60200","-200","-0.33","254323689200"
"000040","KR모터스","KOSPI","운수장비","778","1","0.13","74794872304"
"044450","KSS해운","KOSPI","운수창고업","12200","0","0.00","282867736000"
"030200","KT","KOSPI","통신업","32050","0","0.00","8368633446400"
"033780","KT&G","KOSPI","기타제조업","80100","-600","-0.74","10997129009700"
"030210","KTB투자증권","KOSPI","증권","5080","70","1.40","306395587360"
"058850","KTcs","KOSPI","서비스업","2215","35","1.61","94547275000"
"058860","KTis","KOSPI","서비스업","2245","15","0.67","78130490000"
"093050","LF","KOSPI","섬유의복","17300","100","0.58","505852000000"
"003550","LG","KOSPI","기타금융","75800","-400","-0.52","11923415269400"
"034220","LG디스플레이","KOSPI","전기전자","19150","450","2.41","6852170655000"
"051900","LG생활건강","KOSPI","화학","975000","-32000","-3.18","15227742075000"
"051905","LG생활건강우","KOSPI","화학","558000","-29000","-4.94","1171630926000"
"373220","LG에너지솔루션","KOSPI","전기전자","442000","2000","0.45","103428000000000"
"003555","LG우","KOSPI","기타금융","61300","100","0.16","185225306000"
"032640","LG유플러스","KOSPI","통신업","13150","0","0.00","5741439397150"
"011070","LG이노텍","KOSPI","전기전자","335000","20000","6.35","7928480845000"
"066570","LG전자","KOSPI","전기전자","125500","4000","3.29","20537800657000"
"066575","LG전자우","KOSPI","전기전자","59900","1100","1.87","1029440920800"
"037560","LG헬로비전","KOSPI","서비스업","5020","-30","-0.59","388783262300"
"051910","LG화학","KOSPI","화학","589000","-1000","-0.17","41578890027000"
"051915","LG화학우","KOSPI","화학","288500","-2000","-0.69","2218218800000"
"079550","LIG넥스원","KOSPI","기계","60900","-300","-0.49","1339800000000"
"006260","LS","KOSPI","기타금융","48250","450","0.94","1553650000000"
"010120","LS ELECTRIC","KOSPI","전기전자","42200","1950","4.84","1266000000000"
"000680","LS네트웍스","KOSPI","유통업","3690","60","1.65","290783129040"
"229640","LS전선아시아","KOSPI","기타금융","7570","50","0.66","231830334030"
"001120","LX인터내셔널","KOSPI","유통업","27950","-200","-0.71","1083342000000"
"108670","LX하우시스","KOSPI","화학","53200","1500","2.90","477080044000"
"108675","LX하우시스우","KOSPI","화학","26200","200","0.77","27047046000"
"383800","LX홀딩스","KOSPI","기타금융","9840","-110","-1.11","750601989600"
"38380K","LX홀딩스1우","KOSPI","기타금융","13500","-200","-1.46","19781347500"
"023150","MH에탄올","KOSPI","음식료품","9420","30","0.32","69505714920"
"035420","NAVER","KOSPI","서비스업","309000","-4000","-1.28","50691167265000"
"181710","NHN","KOSPI","서비스업","34700","-100","-0.29","1301871650500"
"400760","NH올원리츠","KOSPI","서비스업","5220","10","0.19","220284000000"
"005940","NH투자증권","KOSPI","증권","11750","50","0.43","3490148172250"
"005945","NH투자증권우","KOSPI","증권","10800","0","0.00","203806454400"
"338100","NH프라임리츠","KOSPI","서비스업","4830","10","0.21","90127800000"
"034310","NICE","KOSPI","서비스업","16850","100","0.60","638316755000"
"008260","NI스틸","KOSPI","철강금속","4680","105","2.30","133848547560"
"004250","NPC","KOSPI","화학","8730","-30","-0.34","320565600000"
"004255","NPC우","KOSPI","화학","4370","-10","-0.23","23073600000"
"010060","OCI","KOSPI","화학","99000","4500","4.76","2361087729000"
"178920","PI첨단소재","KOSPI","화학","43050","650","1.53","1264220162100"
"005490","POSCO","KOSPI","철강금속","276500","-2000","-0.72","24107159877500"
"010950","S-Oil","KOSPI","화학","81400","100","0.12","9164239268800"
"010955","S-Oil우","KOSPI","화학","49700","-200","-0.40","199889771900"
"034120","SBS","KOSPI","서비스업","44000","-50","-0.11","803113608000"
"005090","SGC에너지","KOSPI","전기가스업","51000","800","1.59","748527204000"
"001380","SG글로벌","KOSPI","운수장비","1805","15","0.84","81160278115"
"004060","SG세계물산","KOSPI","유통업","671","5","0.75","135827148160"
"001770","SHD","KOSPI","철강금속","28950","-50","-0.17","35170718100"
"002360","SH에너지화학","KOSPI","화학","1185","-30","-2.47","131693470050"
"009160","SIMPAC","KOSPI","기계","6910","90","1.32","452117955560"
"123700","SJM","KOSPI","운수장비","4300","85","2.02","67101061400"
"025530","SJM홀딩스","KOSPI","유통업","3415","-5","-0.15","50999637320"
"034730","SK","KOSPI","기타금융","227000","5500","2.48","16831897683000"
"011790","SKC","KOSPI","화학","132500","0","0.00","5017549485000"
"018670","SK가스","KOSPI","유통업","117500","2000","1.73","1084553670000"
"001740","SK네트웍스","KOSPI","유통업","4415","50","1.15","1095748461505"
"001745","SK네트웍스우","KOSPI","유통업","71500","5400","8.17","8125832000"
"006120","SK디스커버리","KOSPI","기타금융","40200","200","0.50","765321771000"
"006125","SK디스커버리우","KOSPI","기타금융","30650","100","0.33","41636645750"
"210980","SK디앤디","KOSPI","서비스업","29400","500","1.73","652390821600"
"068400","SK렌터카","KOSPI","서비스업","10400","50","0.48","491772736000"
"395400","SK리츠","KOSPI","서비스업","6210","20","0.32","962677503720"
"302440","SK바이오사이언스","KOSPI","의약품","147000","500","0.34","11245500000000"
"326030","SK바이오팜","KOSPI","서비스업","79400","-200","-0.25","6218072050000"
"402340","SK스퀘어","KOSPI","기타금융","57700","2600","4.72","8162678846700"
"361610","SK아이이테크놀로지","KOSPI","전기전자","124000","3000","2.48","8840901408000"
"03473K","SK우","KOSPI","기타금융","200000","3000","1.52","113227000000"
"096770","SK이노베이션","KOSPI","화학","201500","500","0.25","18631811146000"
"096775","SK이노베이션우","KOSPI","화학","122000","0","0.00","152307972000"
"001510","SK증권","KOSPI","증권","870","13","1.52","411153448770"
"001515","SK증권우","KOSPI","증권","3590","-55","-1.51","14045925260"
"285130","SK케미칼","KOSPI","화학","125000","2000","1.63","2202597500000"
"28513K","SK케미칼우","KOSPI","화학","68700","300","0.44","145329972300"
"017670","SK텔레콤","KOSPI","통신업","55000","0","0.00","12035822920000"
"000660","SK하이닉스","KOSPI","전기전자","128500","0","0.00","93548303902500"
"064960","SNT모티브","KOSPI","운수장비","43150","850","2.01","630988318400"
"100840","SNT에너지","KOSPI","기계","18650","50","0.27","140000160150"
"003570","SNT중공업","KOSPI","운수장비","8260","0","0.00","274667277220"
"036530","SNT홀딩스","KOSPI","기타금융","16000","50","0.31","260862176000"
"005610","SPC삼립","KOSPI","음식료품","82500","100","0.12","711893242500"
"011810","STX","KOSPI","유통업","4200","380","9.95","120210106800"
"077970","STX엔진","KOSPI","기계","12250","2810","29.77","281859074000"
"071970","STX중공업","KOSPI","기계","4895","695","16.55","138851452520"
"002820","SUN&L","KOSPI","종이목재","4800","-100","-2.04","60518347200"
"084870","TBH글로벌","KOSPI","섬유의복","1805","10","0.56","37646558295"
"002710","TCC스틸","KOSPI","철강금속","9760","380","4.05","229360000000"
"002900","TYM","KOSPI","기계","1550","20","1.31","235012777850"
"024070","WISCOM","KOSPI","화학","3030","55","1.85","46439107140"
"037270","YG PLUS","KOSPI","서비스업","7180","90","1.27","455423163800"
"000500","가온전선","KOSPI","전기전자","23500","250","1.08","97768154500"
"000860","강남제비스코","KOSPI","화학","24400","600","2.52","158600000000"
"035250","강원랜드","KOSPI","서비스업","26050","-150","-0.57","5573150025000"
"011420","갤럭시아에스엠","KOSPI","서비스업","2440","-20","-0.81","67221131360"
"002100","경농","KOSPI","화학","12400","0","0.00","242079930000"
"009450","경동나비엔","KOSPI","전기전자","46100","650","1.43","671612091200"
"267290","경동도시가스","KOSPI","전기가스업","23100","-350","-1.49","136183878600"
"012320","경동인베스트","KOSPI","기타금융","33300","-50","-0.15","78755265900"
"000050","경방","KOSPI","유통업","14800","300","2.07","405745996000"
"214390","경보제약","KOSPI","의약품","8950","30","0.34","213966397000"
"012610","경인양행","KOSPI","화학","6280","20","0.32","261099572200"
"009140","경인전자","KOSPI","전기전자","30950","2050","7.09","48616167150"
"013580","계룡건설","KOSPI","건설업","35900","800","2.28","320619561300"
"012200","계양전기","KOSPI","기계","3585","0","0.00","116871000000"
"012205","계양전기우","KOSPI","기계","6770","0","0.00","9478000000"
"002140","고려산업","KOSPI","음식료품","3335","5","0.15","83172982375"
"010130","고려아연","KOSPI","철강금속","529000","3000","0.57","9982230000000"
"002240","고려제강","KOSPI","철강금속","21200","500","2.42","487600000000"
"009290","광동제약","KOSPI","의약품","7220","170","2.41","378478544220"
"017040","광명전기","KOSPI","전기전자","2330","30","1.30","100976642950"
"017900","광전자","KOSPI","전기전자","2850","25","0.88","165139724550"
"037710","광주신세계","KOSPI","유통업","179000","6500","3.77","286400000000"
"030610","교보증권","KOSPI","증권","7660","50","0.66","495244247360"
"339770","교촌에프앤비","KOSPI","유통업","15000","-50","-0.33","374738100000"
"007690","국도화학","KOSPI","화학","52000","400","0.78","468552032000"
"005320","국동","KOSPI","유통업","2340","35","1.52","128847363840"
"001140","국보","KOSPI","운수창고업","1490","-10","-0.67","99147389280"
"002720","국제약품","KOSPI","의약품","5160","10","0.19","99464624400"
"083420","그린케미칼","KOSPI","화학","9680","80","0.83","232320000000"
"014530","극동유화","KOSPI","화학","3980","-25","-0.62","138780291600"
"014280","금강공업","KOSPI","철강금속","8280","140","1.72","242847075960"
"014285","금강공업우","KOSPI","철강금속","12950","0","0.00","7638881250"
"008870","금비","KOSPI","비금속광물","64100","-200","-0.31","64100000000"
"001570","금양","KOSPI","화학","4550","140","3.17","226183184500"
"002990","금호건설","KOSPI","건설업","10300","150","1.48","377329417200"
"002995","금호건설우","KOSPI","건설업","29700","150","0.51","8680300200"
"011780","금호석유","KOSPI","화학","160500","1000","0.63","4862482962000"
"011785","금호석유우","KOSPI","화학","83200","-200","-0.24","251554035200"
"214330","금호에이치티","KOSPI","운수장비","1730","30","1.76","340060384080"
"001210","금호전기","KOSPI","전기전자","2140","0","0.00","44642580660"
"073240","금호타이어","KOSPI","화학","4010","30","0.75","1151913750870"
"092440","기신정기","KOSPI","기계","4660","15","0.32","136072000000"
"000270","기아","KOSPI","운수장비","78000","300","0.39","31618341066000"
"024110","기업은행","KOSPI","은행","10900","0","0.00","8112876398300"
"013700","까뮤이앤씨","KOSPI","건설업","2225","0","0.00","100463823000"
"004540","깨끗한나라","KOSPI","종이목재","4235","15","0.36","157714334855"
"004545","깨끗한나라우","KOSPI","종이목재","22100","300","1.38","8092136000"
"001260","남광토건","KOSPI","건설업","11300","0","0.00","111067858200"
"008350","남선알미늄","KOSPI","철강금속","2370","0","0.00","261124443300"
"008355","남선알미우","KOSPI","철강금속","22600","400","1.80","6958314000"
"004270","남성","KOSPI","유통업","3020","45","1.51","109360723200"
"003920","남양유업","KOSPI","음식료품","400000","2500","0.63","288000000000"
"003925","남양유업우","KOSPI","음식료품","192000","0","0.00","31999104000"
"025860","남해화학","KOSPI","화학","9390","0","0.00","466484335770"
"005720","넥센","KOSPI","화학","4210","80","1.94","225420143170"
"005725","넥센우","KOSPI","화학","3450","-50","-1.43","12422070000"
"002350","넥센타이어","KOSPI","화학","6480","110","1.73","632887842960"
"002355","넥센타이어1우B","KOSPI","화학","3185","-15","-0.47","20702500000"
"003580","넥스트사이언스","KOSPI","광업","15000","-100","-0.66","632487555000"
"251270","넷마블","KOSPI","서비스업","102500","2000","1.99","8810233955000"
"090350","노루페인트","KOSPI","화학","10850","250","2.36","217000000000"
"090355","노루페인트우","KOSPI","화학","22000","700","3.29","10188772000"
"000320","노루홀딩스","KOSPI","기타금융","11550","100","0.87","153512794050"
"000325","노루홀딩스우","KOSPI","기타금융","55000","-1000","-1.79","10188750000"
"006280","녹십자","KOSPI","의약품","196500","-500","-0.25","2296404717000"
"005250","녹십자홀딩스","KOSPI","서비스업","23700","-150","-0.63","1114568577000"
"005257","녹십자홀딩스2우","KOSPI","서비스업","49400","700","1.44","41791906000"
"004370","농심","KOSPI","음식료품","327000","2000","0.62","1989023934000"
"072710","농심홀딩스","KOSPI","기타금융","74400","400","0.54","345051576000"
"058730","다스코","KOSPI","기계","4810","75","1.58","81176258410"
"023590","다우기술","KOSPI","서비스업","21050","350","1.69","944442287850"
"145210","다이나믹디자인","KOSPI","기계","352","-1","-0.28","55717814592"
"019680","대교","KOSPI","서비스업","3595","5","0.14","304506745750"
"019685","대교우B","KOSPI","서비스업","2575","-20","-0.77","50024499250"
"006370","대구백화점","KOSPI","유통업","9610","-370","-3.71","103995681710"
"008060","대덕","KOSPI","기타금융","7200","100","1.41","244009080000"
"00806K","대덕1우","KOSPI","기타금융","10250","150","1.49","12426659250"
"353200","대덕전자","KOSPI","전기전자","23400","1250","5.64","1156356045000"
"35320K","대덕전자1우","KOSPI","전기전자","13450","250","1.89","28184730550"
"000490","대동","KOSPI","기계","11600","500","4.50","275247236000"
"008110","대동전자","KOSPI","전기전자","11300","200","1.80","118542051100"
"005750","대림B&Co","KOSPI","비금속광물","6890","10","0.15","114871733600"
"006570","대림통상","KOSPI","기계","3710","15","0.41","56484750000"
"001680","대상","KOSPI","음식료품","23250","0","0.00","805566581250"
"001685","대상우","KOSPI","음식료품","16900","50","0.30","23156768700"
"084690","대상홀딩스","KOSPI","기타금융","9130","270","3.05","330620471940"
"084695","대상홀딩스우","KOSPI","기타금융","11450","450","4.09","10459368900"
"128820","대성산업","KOSPI","유통업","4655","85","1.86","210571150090"
"117580","대성에너지","KOSPI","전기가스업","13750","1200","9.56","378125000000"
"016710","대성홀딩스","KOSPI","서비스업","49750","100","0.20","800450585250"
"003540","대신증권","KOSPI","증권","16450","50","0.30","835222430000"
"003547","대신증권2우B","KOSPI","증권","14450","50","0.35","144500000000"
"003545","대신증권우","KOSPI","증권","14900","50","0.34","387400000000"
"009190","대양금속","KOSPI","철강금속","4160","-20","-0.48","133819562240"
"014160","대영포장","KOSPI","종이목재","2325","10","0.43","252017326425"
"047040","대우건설","KOSPI","건설업","6090","400","7.03","2531141865420"
"009320","대우부품","KOSPI","운수장비","2120","10","0.47","101010315000"
"042660","대우조선해양","KOSPI","운수장비","27000","4850","21.90","2896848063000"
"003090","대웅","KOSPI","기타금융","29550","200","0.68","1718095509000"
"069620","대웅제약","KOSPI","의약품","165500","500","0.30","1917578162500"
"000430","대원강업","KOSPI","운수장비","3125","20","0.64","193750000000"
"006340","대원전선","KOSPI","전기전자","2095","25","1.21","148780545865"
"006345","대원전선우","KOSPI","전기전자","3240","-30","-0.92","8492688000"
"003220","대원제약","KOSPI","의약품","19600","-500","-2.49","416006530800"
"024890","대원화성","KOSPI","화학","3340","15","0.45","137772167680"
"002880","대유에이텍","KOSPI","운수장비","1155","15","1.32","132933701670"
"000300","대유플러스","KOSPI","전기전자","1315","-10","-0.75","159113387810"
"012800","대창","KOSPI","철강금속","1975","60","3.13","180002485525"
"015230","대창단조","KOSPI","운수장비","4190","0","0.00","119717643700"
"001070","대한방직","KOSPI","섬유의복","50300","1200","2.44","266590000000"
"006650","대한유화","KOSPI","화학","172500","2500","1.47","1121250000000"
"001440","대한전선","KOSPI","전기전자","1475","40","2.79","1263297688275"
"084010","대한제강","KOSPI","철강금속","22900","300","1.33","564410208600"
"001790","대한제당","KOSPI","음식료품","2780","5","0.18","249356492400"
"001795","대한제당우","KOSPI","음식료품","2880","30","1.05","18670348800"
"001130","대한제분","KOSPI","음식료품","168500","4500","2.74","284765000000"
"003490","대한항공","KOSPI","운수창고업","29600","-150","-0.50","10295496420000"
"003495","대한항공우","KOSPI","운수창고업","36700","100","0.27","40766139800"
"005880","대한해운","KOSPI","운수창고업","2695","0","0.00","860183254700"
"003830","대한화섬","KOSPI","화학","127500","3500","2.82","169320000000"
"016090","대현","KOSPI","섬유의복","2525","-20","-0.79","111812832750"
"069460","대호에이엘","KOSPI","철강금속","3365","-25","-0.74","174991841435"
"192080","더블유게임즈","KOSPI","서비스업","49600","100","0.20","911375299200"
"012510","더존비즈온","KOSPI","서비스업","50700","-300","-0.59","1540407148800"
"004830","덕성","KOSPI","화학","15250","100","0.66","239120000000"
"004835","덕성우","KOSPI","화학","19850","850","4.47","27631200000"
"024900","덕양산업","KOSPI","운수장비","3500","10","0.29","113977430000"
"145720","덴티움","KOSPI","의료정밀","56500","900","1.62","625388895000"
"002150","도화엔지니어링","KOSPI","서비스업","7410","70","0.95","249865200000"
"001230","동국제강","KOSPI","철강금속","16000","500","3.23","1526923792000"
"023450","동남합성","KOSPI","화학","61300","100","0.16","221293000000"
"004140","동방","KOSPI","운수창고업","3460","35","1.02","165982310360"
"007590","동방아그로","KOSPI","화학","6970","60","0.87","94914511690"
"005960","동부건설","KOSPI","건설업","13650","300","2.25","312216122400"
"005965","동부건설우","KOSPI","건설업","32700","250","0.77","7381436400"
"026960","동서","KOSPI","유통업","26750","50","0.19","2666975000000"
"002210","동성제약","KOSPI","의약품","7980","80","1.01","208285740600"
"102260","동성케미컬","KOSPI","서비스업","4660","100","2.19","231554132480"
"000640","동아쏘시오홀딩스","KOSPI","기타금융","101500","0","0.00","644409899000"
"170900","동아에스티","KOSPI","의약품","67300","-200","-0.30","568439422300"
"028100","동아지질","KOSPI","건설업","17000","0","0.00","238894982000"
"282690","동아타이어","KOSPI","화학","10950","100","0.92","150376514250"
"001520","동양","KOSPI","비금속광물","1410","25","1.81","336544528830"
"001527","동양2우B","KOSPI","비금속광물","15850","0","0.00","4890818650"
"001529","동양3우B","KOSPI","비금속광물","51000","-1300","-2.49","4575822000"
"084670","동양고속","KOSPI","운수창고업","19400","-100","-0.51","56174038600"
"082640","동양생명","KOSPI","보험","6200","80","1.31","1000423227000"
"001525","동양우","KOSPI","비금속광물","7930","20","0.25","4898606830"
"008970","동양철관","KOSPI","철강금속","1165","50","4.48","138501362850"
"092780","동양피스톤","KOSPI","운수장비","5880","0","0.00","77430544800"
"049770","동원F&B","KOSPI","음식료품","172000","-5500","-3.10","663769328000"
"018500","동원금속","KOSPI","운수장비","882","4","0.46","41237850906"
"006040","동원산업","KOSPI","농업, 임업 및 어업","221000","3000","1.38","812758661000"
"030720","동원수산","KOSPI","농업, 임업 및 어업","9360","210","2.30","43559614800"
"014820","동원시스템즈","KOSPI","화학","53700","1400","2.68","1567417670700"
"014825","동원시스템즈우","KOSPI","화학","32900","100","0.30","8730278200"
"163560","동일고무벨트","KOSPI","화학","6840","50","0.74","95076000000"
"004890","동일산업","KOSPI","철강금속","180500","1500","0.84","437751307500"
"002690","동일제강","KOSPI","철강금속","2960","115","4.04","60089065600"
"000020","동화약품","KOSPI","의약품","12650","-100","-0.78","353333095500"
"000150","두산","KOSPI","서비스업","103500","8200","8.60","1710216922500"
"000157","두산2우B","KOSPI","서비스업","94200","1700","1.84","84124179600"
"241560","두산밥캣","KOSPI","기계","37850","350","0.93","3794430933100"
"000155","두산우","KOSPI","서비스업","72300","2000","2.84","288944202600"
"034020","두산중공업","KOSPI","기계","18700","100","0.54","9765705319700"
"336260","두산퓨얼셀","KOSPI","전기전자","37000","1200","3.35","2423267862000"
"33626K","두산퓨얼셀1우","KOSPI","전기전자","11700","200","1.74","156361140000"
"33626L","두산퓨얼셀2우B","KOSPI","전기전자","14300","350","2.51","42704090000"
"016740","두올","KOSPI","운수장비","3690","120","3.36","122016049200"
"192650","드림텍","KOSPI","전기전자","10950","250","2.34","715508817450"
"024090","디씨엠","KOSPI","철강금속","21900","100","0.46","256230000000"
"003160","디아이","KOSPI","의료정밀","7800","60","0.78","245674923000"
"092200","디아이씨","KOSPI","운수장비","4965","35","0.71","193081745085"
"377190","디앤디플랫폼리츠","KOSPI","서비스업","5370","-20","-0.37","345828000000"
"013570","디와이","KOSPI","기타금융","8330","0","0.00","219242542890"
"210540","디와이파워","KOSPI","기계","14100","300","2.17","155688082800"
"007340","디티알오토모티브","KOSPI","전기전자","69900","400","0.58","698580949500"
"115390","락앤락","KOSPI","화학","10050","0","0.00","518081660700"
"032350","롯데관광개발","KOSPI","서비스업","17900","50","0.28","1240034349800"
"089860","롯데렌탈","KOSPI","서비스업","38400","200","0.52","1406748019200"
"330590","롯데리츠","KOSPI","서비스업","5480","-20","-0.36","1331469484320"
"000400","롯데손해보험","KOSPI","보험","1760","25","1.44","546191923200"
"023530","롯데쇼핑","KOSPI","유통업","86400","-800","-0.92","2444148432000"
"004000","롯데정밀화학","KOSPI","화학","80200","1000","1.26","2069160000000"
"286940","롯데정보통신","KOSPI","서비스업","36000","1550","4.50","554267916000"
"280360","롯데제과","KOSPI","음식료품","117500","1500","1.29","753964247500"
"004990","롯데지주","KOSPI","기타금융","29050","100","0.35","3047613334850"
"00499K","롯데지주우","KOSPI","기타금융","47550","-800","-1.65","46961473650"
"005300","롯데칠성","KOSPI","음식료품","162500","-2000","-1.22","1507818650000"
"005305","롯데칠성우","KOSPI","음식료품","72400","-1400","-1.90","56132444000"
"011170","롯데케미칼","KOSPI","화학","228000","1500","0.66","7814795532000"
"002270","롯데푸드","KOSPI","음식료품","318000","2500","0.79","384479490000"
"071840","롯데하이마트","KOSPI","유통업","22750","100","0.44","537075448000"
"027740","마니커","KOSPI","음식료품","1290","10","0.78","81929484120"
"204320","만도","KOSPI","운수장비","46900","200","0.43","2202288928000"
"001080","만호제강","KOSPI","철강금속","22050","150","0.68","91507500000"
"088980","맥쿼리인프라","KOSPI","기타금융","13700","-50","-0.36","5546383993900"
"094800","맵스리얼티1","KOSPI","기타금융","4590","-40","-0.86","426109579290"
"138040","메리츠금융지주","KOSPI","기타금융","39650","-500","-1.25","5313547807100"
"008560","메리츠증권","KOSPI","증권","6070","-210","-3.34","4138104614530"
"000060","메리츠화재","KOSPI","보험","42950","400","0.94","5180843750000"
"090370","메타랩스","KOSPI","섬유의복","939","-11","-1.16","69977517672"
"017180","명문제약","KOSPI","의약품","3955","90","2.33","134285910570"
"009900","명신산업","KOSPI","운수장비","23950","400","1.70","1256659685350"
"012690","모나리자","KOSPI","종이목재","3510","50","1.45","128365105050"
"005360","모나미","KOSPI","유통업","4155","25","0.61","78518310585"
"204210","모두투어리츠","KOSPI","서비스업","4800","0","0.00","37568712000"
"009680","모토닉","KOSPI","운수장비","8840","40","0.45","291720000000"
"009580","무림P&P","KOSPI","종이목재","4085","85","2.13","254774603540"
"009200","무림페이퍼","KOSPI","종이목재","2710","15","0.56","112761230100"
"033920","무학","KOSPI","음식료품","10900","-200","-1.80","310650000000"
"008420","문배철강","KOSPI","철강금속","4420","235","5.62","90625492100"
"025560","미래산업","KOSPI","의료정밀","12900","100","0.78","57430890300"
"007120","미래아이앤지","KOSPI","서비스업","400","7","1.78","51793659200"
"396690","미래에셋글로벌리츠","KOSPI","서비스업","5700","20","0.35","165642000000"
"357250","미래에셋맵스리츠","KOSPI","서비스업","4885","0","0.00","98188500000"
"085620","미래에셋생명","KOSPI","보험","4010","65","1.65","709834917890"
"006800","미래에셋증권","KOSPI","증권","8850","50","0.57","5445550210800"
"00680K","미래에셋증권2우B","KOSPI","증권","4515","20","0.44","632100000000"
"006805","미래에셋증권우","KOSPI","증권","5310","-30","-0.56","74742232500"
"002840","미원상사","KOSPI","화학","192500","-2500","-1.28","956725000000"
"268280","미원에스씨","KOSPI","화학","198000","1000","0.51","1009800000000"
"107590","미원홀딩스","KOSPI","기타금융","141000","1000","0.71","327120000000"
"134380","미원화학","KOSPI","화학","72000","-700","-0.96","158347296000"
"003650","미창석유","KOSPI","화학","81400","-100","-0.12","141609300800"
"155900","바다로19호","KOSPI","서비스업","3125","15","0.48","47500012500"
"003610","방림","KOSPI","섬유의복","3015","15","0.50","127576981350"
"001340","백광산업","KOSPI","화학","4480","110","2.52","201234463360"
"035150","백산","KOSPI","화학","10300","0","0.00","249260000000"
"002410","범양건영","KOSPI","건설업","4070","65","1.62","101066166740"
"096300","베트남개발1","KOSPI","기타금융","163","0","0.00","22441874393"
"007210","벽산","KOSPI","비금속광물","3110","65","2.13","213221600000"
"002760","보락","KOSPI","화학","1895","25","1.34","113510500000"
"003850","보령제약","KOSPI","의약품","12750","150","1.19","875797500000"
"000890","보해양조","KOSPI","음식료품","900","-13","-1.42","124213031100"
"003000","부광약품","KOSPI","의약품","12500","-250","-1.96","888288112500"
"001270","부국증권","KOSPI","증권","23800","450","1.93","246803286800"
"001275","부국증권우","KOSPI","증권","21700","0","0.00","65100000000"
"026940","부국철강","KOSPI","철강금속","4165","155","3.87","83300000000"
"011390","부산산업","KOSPI","비금속광물","90800","0","0.00","95884800000"
"005030","부산주공","KOSPI","운수장비","508","-7","-1.36","33514590832"
"002070","비비안","KOSPI","섬유의복","2625","35","1.35","78209223750"
"100220","비상교육","KOSPI","서비스업","7450","220","3.04","96825720450"
"030790","비케이탑스","KOSPI","서비스업","2130","50","2.40","33041654820"
"005180","빙그레","KOSPI","음식료품","53600","200","0.37","528026517600"
"003960","사조대림","KOSPI","음식료품","28050","1300","4.86","257063299350"
"008040","사조동아원","KOSPI","음식료품","1250","-35","-2.72","176430750000"
"007160","사조산업","KOSPI","농업, 임업 및 어업","47600","-100","-0.21","238000000000"
"014710","사조씨푸드","KOSPI","음식료품","5540","180","3.36","95390728220"
"006090","사조오양","KOSPI","음식료품","10150","150","1.50","95640800850"
"001470","삼부토건","KOSPI","건설업","2075","15","0.73","311989258175"
"006400","삼성SDI","KOSPI","전기전자","549000","8000","1.48","37751726970000"
"006405","삼성SDI우","KOSPI","전기전자","292000","1500","0.52","472425632000"
"006660","삼성공조","KOSPI","운수장비","15050","150","1.01","122301025700"
"028260","삼성물산","KOSPI","유통업","110000","500","0.46","20557578910000"
"02826K","삼성물산우B","KOSPI","유통업","101000","1000","1.00","164369925000"
"207940","삼성바이오로직스","KOSPI","의약품","769000","-6000","-0.77","50880885000000"
"032830","삼성생명","KOSPI","보험","61700","-100","-0.16","12340000000000"
"018260","삼성에스디에스","KOSPI","서비스업","140500","2000","1.44","10871580900000"
"028050","삼성엔지니어링","KOSPI","서비스업","22800","550","2.47","4468800000000"
"009150","삼성전기","KOSPI","전기전자","170000","5500","3.34","12697928320000"
"009155","삼성전기우","KOSPI","전기전자","92600","1500","1.65","269186718400"
"005930","삼성전자","KOSPI","전기전자","73000","-400","-0.54","435794126150000"
"005935","삼성전자우","KOSPI","전기전자","66700","-200","-0.30","54886542890000"
"001360","삼성제약","KOSPI","의약품","4190","30","0.72","281409111010"
"010140","삼성중공업","KOSPI","운수장비","5930","370","6.65","5218400000000"
"010145","삼성중공우","KOSPI","운수장비","245000","56500","29.97","28137025000"
"016360","삼성증권","KOSPI","증권","42550","500","1.19","3799715000000"
"068290","삼성출판사","KOSPI","서비스업","28450","500","1.79","284500000000"
"029780","삼성카드","KOSPI","기타금융","32250","300","0.94","3736449234750"
"000810","삼성화재","KOSPI","보험","197500","0","0.00","9356530307500"
"000815","삼성화재우","KOSPI","보험","155500","0","0.00","496356000000"
"006110","삼아알미늄","KOSPI","철강금속","28400","100","0.35","312400000000"
"145990","삼양사","KOSPI","음식료품","51600","700","1.38","532173968400"
"145995","삼양사우","KOSPI","음식료품","37000","400","1.09","13692590000"
"003230","삼양식품","KOSPI","음식료품","89000","600","0.68","670438335000"
"002170","삼양통상","KOSPI","기타제조업","56800","300","0.53","170400000000"
"272550","삼양패키징","KOSPI","화학","23000","250","1.10","326825492000"
"000070","삼양홀딩스","KOSPI","기타금융","84300","1900","2.31","721968045300"
"000075","삼양홀딩스우","KOSPI","기타금융","64600","-200","-0.31","19642146800"
"002810","삼영무역","KOSPI","유통업","13750","100","0.73","253920535000"
"005680","삼영전자","KOSPI","전기전자","10300","100","0.98","206000000000"
"003720","삼영화학","KOSPI","화학","3410","0","0.00","115940000000"
"023000","삼원강재","KOSPI","운수장비","2955","5","0.17","118200000000"
"004380","삼익THK","KOSPI","기계","12300","250","2.07","258300000000"
"002450","삼익악기","KOSPI","기타제조업","1800","40","2.27","162955647000"
"004440","삼일씨엔에스","KOSPI","비금속광물","9800","-20","-0.20","124773080600"
"000520","삼일제약","KOSPI","의약품","8510","-90","-1.05","115202278330"
"009770","삼정펄프","KOSPI","종이목재","27400","0","0.00","68499205400"
"005500","삼진제약","KOSPI","의약품","25150","0","0.00","349585000000"
"004690","삼천리","KOSPI","전기가스업","102000","-1000","-0.97","413612550000"
"010960","삼호개발","KOSPI","건설업","4510","45","1.01","112750000000"
"004450","삼화왕관","KOSPI","기계","45400","550","1.23","97808806600"
"009470","삼화전기","KOSPI","전기전자","27000","0","0.00","178573140000"
"011230","삼화전자","KOSPI","전기전자","4180","-40","-0.95","43714189200"
"001820","삼화콘덴서","KOSPI","전기전자","56900","1200","2.15","591475500000"
"000390","삼화페인트","KOSPI","화학","8780","280","3.29","238846457820"
"001290","상상인증권","KOSPI","증권","1150","-5","-0.43","112131687250"
"041650","상신브레이크","KOSPI","운수장비","3510","105","3.08","75364789500"
"075180","새론오토모티브","KOSPI","운수장비","5700","0","0.00","109440000000"
"007540","샘표","KOSPI","기타금융","41700","250","0.60","119920860000"
"248170","샘표식품","KOSPI","음식료품","44800","850","1.93","204659212800"
"007860","서연","KOSPI","기타금융","12050","200","1.69","282932120200"
"200880","서연이화","KOSPI","운수장비","7130","30","0.42","192712755810"
"017390","서울가스","KOSPI","전기가스업","190000","-500","-0.26","950000000000"
"004410","서울식품","KOSPI","음식료품","289","-1","-0.34","107599478615"
"004415","서울식품우","KOSPI","음식료품","4040","45","1.13","8986980000"
"021050","서원","KOSPI","철강금속","1990","50","2.58","94474434100"
"008490","서흥","KOSPI","화학","39500","900","2.33","456979963500"
"007610","선도전기","KOSPI","전기전자","2770","5","0.18","49860000000"
"136490","선진","KOSPI","음식료품","10700","400","3.88","254441762800"
"014910","성문전자","KOSPI","전기전자","2385","65","2.80","46476153945"
"014915","성문전자우","KOSPI","전기전자","8910","60","0.68","5346000000"
"003080","성보화학","KOSPI","화학","3765","-10","-0.26","75375300000"
"004980","성신양회","KOSPI","비금속광물","12700","500","4.10","311354127100"
"004985","성신양회우","KOSPI","비금속광물","13800","350","2.60","10151901000"
"011300","성안","KOSPI","섬유의복","787","0","0.00","44747135820"
"000180","성창기업지주","KOSPI","서비스업","2260","20","0.89","157638616000"
"002420","세기상사","KOSPI","서비스업","9620","-110","-1.13","41139160400"
"004360","세방","KOSPI","운수창고업","11300","100","0.89","218188197000"
"004365","세방우","KOSPI","운수창고업","7040","20","0.28","25972320000"
"004490","세방전지","KOSPI","전기전자","64700","2100","3.35","905800000000"
"001430","세아베스틸","KOSPI","철강금속","18150","1150","6.76","650897459850"
"306200","세아제강","KOSPI","철강금속","97700","4300","4.60","277106510000"
"003030","세아제강지주","KOSPI","기타금융","109000","3500","3.32","451440613000"
"019440","세아특수강","KOSPI","철강금속","15400","400","2.67","131978000000"
"058650","세아홀딩스","KOSPI","철강금속","99900","-600","-0.60","399600000000"
"013000","세우글로벌","KOSPI","유통업","1490","30","2.05","42770496190"
"091090","세원이앤씨","KOSPI","기계","1055","0","0.00","153976270960"
"021820","세원정공","KOSPI","운수장비","8090","0","0.00","80900000000"
"067830","세이브존I&C","KOSPI","유통업","3065","20","0.66","125790343175"
"033530","세종공업","KOSPI","운수장비","7200","70","0.98","200310919200"
"075580","세진중공업","KOSPI","운수장비","6900","490","7.64","392261246400"
"027970","세하","KOSPI","종이목재","1525","0","0.00","87783570425"
"308170","센트랄모텍","KOSPI","운수장비","18400","200","1.10","158424000000"
"012600","센트럴인사이트","KOSPI","기계","2490","0","0.00","37500376080"
"068270","셀트리온","KOSPI","의약품","160500","-2500","-1.53","22141862725500"
"336370","솔루스첨단소재","KOSPI","전기전자","61700","400","0.65","1887388068600"
"33637K","솔루스첨단소재1우","KOSPI","전기전자","17800","0","0.00","131121920000"
"33637L","솔루스첨단소재2우B","KOSPI","전기전자","22600","200","0.89","37200730000"
"248070","솔루엠","KOSPI","전기전자","22900","-250","-1.08","1145127117900"
"004430","송원산업","KOSPI","화학","20900","500","2.45","501600000000"
"017550","수산중공업","KOSPI","기계","2470","40","1.65","133343352610"
"053210","스카이라이프","KOSPI","서비스업","8450","10","0.12","404095612700"
"026890","스틱인베스트먼트","KOSPI","기타금융","10500","530","5.32","437620837500"
"134790","시디즈","KOSPI","기타제조업","58400","0","0.00","116800000000"
"016590","신대양제지","KOSPI","종이목재","91600","1100","1.22","369128031200"
"029530","신도리코","KOSPI","전기전자","32000","450","1.43","322560928000"
"004970","신라교역","KOSPI","농업, 임업 및 어업","12350","0","0.00","197600000000"
"011930","신성이엔지","KOSPI","전기전자","1730","10","0.58","354937091770"
"005390","신성통상","KOSPI","유통업","3550","-30","-0.84","510164784500"
"004170","신세계","KOSPI","유통업","259000","500","0.19","2549901879000"
"035510","신세계 I&C","KOSPI","서비스업","180000","6500","3.75","309600000000"
"034300","신세계건설","KOSPI","건설업","31350","50","0.16","125400000000"
"031430","신세계인터내셔날","KOSPI","유통업","152000","4500","3.05","1085280000000"
"031440","신세계푸드","KOSPI","서비스업","81600","900","1.12","315994368000"
"006880","신송홀딩스","KOSPI","유통업","5010","0","0.00","59262578580"
"005800","신영와코루","KOSPI","섬유의복","116500","-1500","-1.27","104850000000"
"001720","신영증권","KOSPI","증권","63100","300","0.48","592271554700"
"001725","신영증권우","KOSPI","증권","63300","300","0.48","446503197900"
"009270","신원","KOSPI","섬유의복","2100","55","2.69","200694507300"
"009275","신원우","KOSPI","섬유의복","36700","1350","3.82","3330158000"
"002700","신일전자","KOSPI","유통업","2135","45","2.15","151686457335"
"019170","신풍제약","KOSPI","의약품","24000","350","1.48","1271639760000"
"019175","신풍제약우","KOSPI","의약품","32950","350","1.07","72490000000"
"002870","신풍제지","KOSPI","종이목재","1975","10","0.51","69043432500"
"404990","신한서부티엔디리츠","KOSPI","서비스업","4955","15","0.30","277261405220"
"293940","신한알파리츠","KOSPI","서비스업","8040","10","0.12","420734188920"
"055550","신한지주","KOSPI","기타금융","40700","50","0.12","21025601847800"
"004080","신흥","KOSPI","유통업","16500","0","0.00","156750000000"
"102280","쌍방울","KOSPI","섬유의복","651","1","0.15","170947475979"
"003410","쌍용C&E","KOSPI","비금속광물","7640","30","0.39","3849487305800"
"003620","쌍용차","KOSPI","운수장비","2770","0","0.00","415056805540"
"004770","써니전자","KOSPI","전기전자","3025","5","0.17","105406158275"
"015540","쎌마테라퓨틱스","KOSPI","서비스업","6410","0","0.00","157390672070"
"004920","씨아이테크","KOSPI","기타제조업","1025","10","0.99","40950511975"
"112610","씨에스윈드","KOSPI","기계","54300","3300","6.47","2289907182900"
"008700","아남전자","KOSPI","전기전자","2150","30","1.42","165818363000"
"002790","아모레G","KOSPI","화학","47650","-450","-0.94","3929132277000"
"00279K","아모레G3우(전환)","KOSPI","화학","36400","0","0.00","258156080000"
"002795","아모레G우","KOSPI","화학","17700","200","1.14","114054729000"
"090430","아모레퍼시픽","KOSPI","화학","185500","-3000","-1.59","10850406794500"
"090435","아모레퍼시픽우","KOSPI","화학","76200","-900","-1.17","804506646000"
"002030","아세아","KOSPI","서비스업","142000","-3000","-2.07","311125408000"
"183190","아세아시멘트","KOSPI","비금속광물","145000","3000","2.11","564892305000"
"002310","아세아제지","KOSPI","종이목재","46450","150","0.32","416029517900"
"012170","아센디오","KOSPI","서비스업","1185","-5","-0.42","95403397260"
"267850","아시아나IDT","KOSPI","서비스업","18550","-350","-1.85","205905000000"
"020560","아시아나항공","KOSPI","운수창고업","19550","-550","-2.74","1454749986200"
"122900","아이마켓코리아","KOSPI","유통업","10000","30","0.30","334288400000"
"010780","아이에스동서","KOSPI","비금속광물","54500","1500","2.83","1683647027000"
"139990","아주스틸","KOSPI","철강금속","15950","500","3.24","421912414550"
"001780","알루코","KOSPI","철강금속","3985","-20","-0.50","357818059520"
"018250","애경산업","KOSPI","화학","19050","400","2.14","503109261750"
"161000","애경케미칼","KOSPI","화학","10050","100","1.01","488919525450"
"011090","에넥스","KOSPI","기타제조업","1765","50","2.92","105885246365"
"137310","에스디바이오센서","KOSPI","의료정밀","53400","1700","3.29","5514690250200"
"005850","에스엘","KOSPI","운수장비","24750","50","0.20","1193031105750"
"012750","에스원","KOSPI","서비스업","69100","0","0.00","2625743199800"
"023960","에쓰씨엔지니어링","KOSPI","건설업","2555","-45","-1.73","79514433495"
"298690","에어부산","KOSPI","운수창고업","2295","-25","-1.08","445046400000"
"140910","에이리츠","KOSPI","서비스업","7320","20","0.27","30871294800"
"078520","에이블씨엔씨","KOSPI","화학","6890","190","2.84","186260532510"
"015260","에이엔피","KOSPI","전기전자","2035","75","3.83","45454592315"
"007460","에이프로젠 MED","KOSPI","기계","1440","-10","-0.69","290473348320"
"003060","에이프로젠제약","KOSPI","의약품","752","3","0.40","299728976784"
"244920","에이플러스에셋","KOSPI","기타금융","7230","130","1.83","163453620390"
"036570","엔씨소프트","KOSPI","서비스업","463500","1000","0.22","10175689197000"
"138250","엔에스쇼핑","KOSPI","유통업","13900","350","2.58","468374400000"
"380440","엔에이치스팩19호","KOSPI","기타금융","2090","0","0.00","107196100000"
"085310","엔케이","KOSPI","기계","966","46","5.00","77263918032"
"900140","엘브이엠씨홀딩스","KOSPI","유통업","3195","25","0.79","317759673915"
"097520","엠씨넥스","KOSPI","전기전자","47300","2500","5.58","850190633600"
"014440","영보화학","KOSPI","화학","4005","-15","-0.37","80100000000"
"111770","영원무역","KOSPI","유통업","42450","1550","3.79","1881021816600"
"009970","영원무역홀딩스","KOSPI","기타금융","46950","950","2.07","640191044400"
"003520","영진약품","KOSPI","의약품","4780","85","1.81","874227254180"
"000670","영풍","KOSPI","철강금속","641000","0","0.00","1180747640000"
"006740","영풍제지","KOSPI","종이목재","10050","320","3.29","223110000000"
"012280","영화금속","KOSPI","운수장비","1345","15","1.13","71815609225"
"012160","영흥","KOSPI","철강금속","922","12","1.32","93408162984"
"015360","예스코홀딩스","KOSPI","기타금융","35500","100","0.28","213000000000"
"007310","오뚜기","KOSPI","음식료품","446500","2000","0.45","1639539516500"
"002630","오리엔트바이오","KOSPI","의약품","1050","0","0.00","124512155250"
"271560","오리온","KOSPI","음식료품","98800","0","0.00","3906169841600"
"001800","오리온홀딩스","KOSPI","기타금융","14350","250","1.77","898961805700"
"011690","와이투솔루션","KOSPI","전기전자","2440","0","0.00","388534954280"
"070960","용평리조트","KOSPI","서비스업","5060","20","0.40","243554664980"
"316140","우리금융지주","KOSPI","기타금융","14400","-200","-1.37","10484071905600"
"118000","우리들휴브레인","KOSPI","유통업","1340","5","0.37","108973373420"
"010050","우리종금","KOSPI","기타금융","870","8","0.93","760556963220"
"006980","우성","KOSPI","음식료품","27450","250","0.92","84820500000"
"017370","우신시스템","KOSPI","기계","3405","105","3.18","62359353870"
"105840","우진","KOSPI","의료정밀","8280","100","1.22","168279523920"
"010400","우진아이엔에스","KOSPI","건설업","6850","120","1.78","52210700000"
"049800","우진플라임","KOSPI","기계","4570","10","0.22","91400000000"
"016880","웅진","KOSPI","기타금융","1885","-30","-1.57","150662545800"
"095720","웅진씽크빅","KOSPI","서비스업","2870","10","0.35","331502176950"
"005820","원림","KOSPI","섬유의복","21200","0","0.00","48716964000"
"010600","웰바이오텍","KOSPI","유통업","1605","-10","-0.62","94176976620"
"008600","윌비스","KOSPI","유통업","1330","10","0.76","89423931870"
"033270","유나이티드제약","KOSPI","의약품","45400","-150","-0.33","737514918800"
"014830","유니드","KOSPI","화학","85600","1400","1.66","760970560800"
"000910","유니온","KOSPI","비금속광물","6870","30","0.44","107251822530"
"047400","유니온머티리얼","KOSPI","비금속광물","2935","25","0.86","123270000000"
"011330","유니켐","KOSPI","기타제조업","1285","0","0.00","93404673670"
"077500","유니퀘스트","KOSPI","유통업","11350","400","3.65","310342766250"
"002920","유성기업","KOSPI","운수장비","2860","5","0.18","74209850000"
"000700","유수홀딩스","KOSPI","서비스업","5430","30","0.56","141407039160"
"003470","유안타증권","KOSPI","증권","3560","15","0.42","710563810560"
"003475","유안타증권우","KOSPI","증권","3585","5","0.14","46290280020"
"072130","유엔젤","KOSPI","서비스업","4430","0","0.00","58455861220"
"000220","유유제약","KOSPI","의약품","8020","10","0.12","138203455020"
"000225","유유제약1우","KOSPI","의약품","10550","0","0.00","23916111500"
"000227","유유제약2우B","KOSPI","의약품","22800","450","2.01","7422768000"
"001200","유진투자증권","KOSPI","증권","3210","115","3.72","310941201780"
"000100","유한양행","KOSPI","의약품","56300","100","0.18","4122932098800"
"000105","유한양행우","KOSPI","의약품","55600","100","0.18","65660264000"
"003460","유화증권","KOSPI","증권","2530","5","0.20","143457109950"
"003465","유화증권우","KOSPI","증권","2550","0","0.00","44564883750"
"008730","율촌화학","KOSPI","화학","26000","950","3.79","644800000000"
"008250","이건산업","KOSPI","종이목재","10500","150","1.45","115002667500"
"025820","이구산업","KOSPI","철강금속","4850","555","12.92","162193700000"
"214320","이노션","KOSPI","서비스업","50500","500","1.00","1010000000000"
"088260","이리츠코크렙","KOSPI","서비스업","5960","20","0.34","377515876400"
"139480","이마트","KOSPI","유통업","125500","1500","1.21","3498415284500"
"007660","이수페타시스","KOSPI","전기전자","7430","0","0.00","469920893170"
"005950","이수화학","KOSPI","화학","12650","150","1.20","353688231600"
"015020","이스타코","KOSPI","서비스업","1895","5","0.26","81203782000"
"093230","이아이디","KOSPI","유통업","261","2","0.77","245529200205"
"074610","이엔플러스","KOSPI","기계","4010","5","0.12","213472157520"
"102460","이연제약","KOSPI","의약품","27500","-50","-0.18","494960867500"
"084680","이월드","KOSPI","기타제조업","2305","-15","-0.65","326863274865"
"350520","이지스레지던스리츠","KOSPI","서비스업","5350","-10","-0.19","110210000000"
"334890","이지스밸류리츠","KOSPI","서비스업","5830","-10","-0.17","179988727160"
"000760","이화산업","KOSPI","유통업","16100","150","0.94","45080000000"
"014990","인디에프","KOSPI","섬유의복","1040","10","0.97","73541514800"
"101140","인바이오젠","KOSPI","유통업","2590","-15","-0.58","138297763800"
"006490","인스코비","KOSPI","통신업","2630","30","1.15","288900503000"
"023800","인지컨트롤스","KOSPI","운수장비","13300","-100","-0.75","203931732900"
"034590","인천도시가스","KOSPI","전기가스업","27000","400","1.50","118118358000"
"129260","인터지스","KOSPI","운수창고업","3295","60","1.85","98019244830"
"023810","인팩","KOSPI","운수장비","10600","150","1.44","106000000000"
"249420","일동제약","KOSPI","의약품","44100","850","1.97","1093824868500"
"000230","일동홀딩스","KOSPI","의약품","12150","-500","-3.95","140215860000"
"013360","일성건설","KOSPI","건설업","3460","55","1.62","186926084800"
"003120","일성신약","KOSPI","의약품","82700","-100","-0.12","219982000000"
"003200","일신방직","KOSPI","섬유의복","121000","3000","2.54","290400000000"
"007110","일신석재","KOSPI","유통업","1855","35","1.92","143682011550"
"007570","일양약품","KOSPI","의약품","25000","-250","-0.99","477141600000"
"007575","일양약품우","KOSPI","의약품","25250","300","1.20","11238270000"
"008500","일정실업","KOSPI","섬유의복","31150","-850","-2.66","37380000000"
"081000","일진다이아","KOSPI","화학","25500","450","1.80","362175862500"
"020760","일진디스플","KOSPI","전기전자","1880","-35","-1.83","64800377680"
"020150","일진머티리얼즈","KOSPI","전기전자","92400","400","0.43","4260641154000"
"103590","일진전기","KOSPI","전기전자","4565","45","1.00","169271980350"
"271940","일진하이솔루스","KOSPI","운수장비","41800","50","0.12","1517891342000"
"015860","일진홀딩스","KOSPI","기타금융","4520","15","0.33","223050623160"
"226320","잇츠한불","KOSPI","화학","20800","150","0.73","456129752000"
"317400","자이에스앤디","KOSPI","서비스업","9240","110","1.20","358350484800"
"033240","자화전자","KOSPI","전기전자","21950","-200","-0.90","392905000000"
"000950","전방","KOSPI","섬유의복","39800","-350","-0.87","66864000000"
"348950","제이알글로벌리츠","KOSPI","서비스업","5380","30","0.56","890928000000"
"194370","제이에스코퍼레이션","KOSPI","기타제조업","24500","1300","5.60","326722224500"
"025620","제이준코스메틱","KOSPI","화학","966","-14","-1.43","71892235464"
"036420","제이콘텐트리","KOSPI","서비스업","55700","-300","-0.54","1022017744100"
"030000","제일기획","KOSPI","서비스업","23150","250","1.09","2663204358750"
"271980","제일약품","KOSPI","의약품","26800","0","0.00","394090569600"
"001560","제일연마","KOSPI","비금속광물","8790","70","0.80","87900000000"
"002620","제일파마홀딩스","KOSPI","서비스업","13400","50","0.37","214042957000"
"006220","제주은행","KOSPI","은행","6290","130","2.11","202089988460"
"089590","제주항공","KOSPI","운수창고업","21350","350","1.67","1062368911800"
"004910","조광페인트","KOSPI","화학","7900","280","3.67","101120000000"
"004700","조광피혁","KOSPI","기타제조업","50100","-200","-0.40","333121813800"
"001550","조비","KOSPI","화학","20750","-200","-0.95","107738959250"
"000480","조선내화","KOSPI","비금속광물","78500","400","0.51","314000000000"
"120030","조선선재","KOSPI","기계","112500","8000","7.66","141485737500"
"018470","조일알미늄","KOSPI","철강금속","2400","160","7.14","296236130400"
"002600","조흥","KOSPI","음식료품","188000","0","0.00","112800000000"
"185750","종근당","KOSPI","의약품","95800","-300","-0.31","1148454040400"
"063160","종근당바이오","KOSPI","의약품","33750","350","1.05","185151217500"
"001630","종근당홀딩스","KOSPI","의약품","69500","0","0.00","348185339500"
"044380","주연테크","KOSPI","전기전자","1095","20","1.86","64823172180"
"013890","지누스","KOSPI","기타제조업","76300","5100","7.16","1205574335000"
"013870","지엠비코리아","KOSPI","운수장비","5380","100","1.89","102608866400"
"071320","지역난방공사","KOSPI","전기가스업","35150","500","1.44","406992851600"
"010580","지코","KOSPI","운수장비","1530","0","0.00","100210979160"
"035000","지투알","KOSPI","서비스업","6390","70","1.11","105865743510"
"088790","진도","KOSPI","유통업","2955","80","2.78","36783083520"
"003780","진양산업","KOSPI","화학","8680","300","3.58","112840000000"
"010640","진양폴리","KOSPI","화학","8580","300","3.62","85800000000"
"100250","진양홀딩스","KOSPI","화학","3880","115","3.05","216873732960"
"051630","진양화학","KOSPI","화학","5850","120","2.09","70200000000"
"272450","진에어","KOSPI","운수창고업","17100","-200","-1.16","892620000000"
"011000","진원생명과학","KOSPI","의약품","14300","700","5.15","1109873407500"
"002780","진흥기업","KOSPI","건설업","2105","10","0.48","306218023225"
"002787","진흥기업2우B","KOSPI","건설업","15250","-50","-0.33","4495822000"
"002785","진흥기업우B","KOSPI","건설업","5970","10","0.17","5117591460"
"009310","참엔지니어링","KOSPI","기계","1255","10","0.80","71314422455"
"000650","천일고속","KOSPI","운수창고업","62000","0","0.00","88611640000"
"033250","체시스","KOSPI","운수장비","1050","0","0.00","33600000000"
"035720","카카오","KOSPI","서비스업","92600","800","0.87","41296085922600"
"323410","카카오뱅크","KOSPI","은행","47100","-150","-0.32","22380000062700"
"377300","카카오페이","KOSPI","기타금융","139500","500","0.36","18406904751000"
"006380","카프로","KOSPI","화학","3850","70","1.85","154000000000"
"109070","컨버즈","KOSPI","종이목재","4100","0","0.00","71952027500"
"001620","케이비아이동국실업","KOSPI","운수장비","748","1","0.13","65239046796"
"029460","케이씨","KOSPI","의료정밀","19200","200","1.05","260237644800"
"281820","케이씨텍","KOSPI","의료정밀","20750","50","0.24","432877287000"
"381970","케이카","KOSPI","유통업","31000","600","1.97","1490682523000"
"145270","케이탑리츠","KOSPI","서비스업","1555","0","0.00","71878517485"
"357120","코람코에너지리츠","KOSPI","서비스업","6540","0","0.00","455314800000"
"007815","코리아써우","KOSPI","전기전자","10150","270","2.73","30091603500"
"007810","코리아써키트","KOSPI","전기전자","31050","1550","5.25","733424318550"
"00781K","코리아써키트2우B","KOSPI","전기전자","9650","110","1.15","7562695350"
"003690","코리안리","KOSPI","보험","9870","70","0.71","1188043174920"
"192820","코스맥스","KOSPI","화학","88400","-1500","-1.67","1003296595600"
"044820","코스맥스비티아이","KOSPI","기타금융","13450","100","0.75","129172737450"
"005070","코스모신소재","KOSPI","화학","38400","700","1.86","1155336537600"
"005420","코스모화학","KOSPI","화학","13100","200","1.55","364968056700"
"071950","코아스","KOSPI","기타제조업","1090","40","3.81","33688858900"
"002020","코오롱","KOSPI","기타금융","29000","500","1.75","366166354000"
"003070","코오롱글로벌","KOSPI","건설업","20450","700","3.54","515553457100"
"003075","코오롱글로벌우","KOSPI","건설업","29250","1000","3.54","9149487750"
"002025","코오롱우","KOSPI","기타금융","19000","100","0.53","20451410000"
"120110","코오롱인더","KOSPI","화학","62300","800","1.30","1714439369300"
"120115","코오롱인더우","KOSPI","화학","30150","350","1.17","83450979000"
"138490","코오롱플라스틱","KOSPI","화학","10150","150","1.50","385700000000"
"021240","코웨이","KOSPI","서비스업","70400","600","0.86","5195493177600"
"031820","콤텍시스템","KOSPI","서비스업","896","3","0.34","108462113536"
"192400","쿠쿠홀딩스","KOSPI","기타금융","17750","350","2.01","631228783750"
"284740","쿠쿠홈시스","KOSPI","서비스업","38200","350","0.92","857106006000"
"015590","큐로","KOSPI","기계","418","3","0.72","96646464684"
"264900","크라운제과","KOSPI","음식료품","9120","90","1.00","114217512000"
"26490K","크라운제과우","KOSPI","음식료품","12850","250","1.98","9940246000"
"005740","크라운해태홀딩스","KOSPI","기타금융","8960","130","1.47","133032229120"
"005745","크라운해태홀딩스우","KOSPI","기타금융","13100","300","2.34","7869510600"
"259960","크래프톤","KOSPI","서비스업","286000","12500","4.57","14034604870000"
"020120","키다리스튜디오","KOSPI","서비스업","15600","150","0.97","541465173600"
"039490","키움증권","KOSPI","증권","98600","200","0.20","2585243981800"
"014580","태경비케이","KOSPI","비금속광물","4485","130","2.99","123710203500"
"015890","태경산업","KOSPI","화학","6620","70","1.07","193494325000"
"006890","태경케미컬","KOSPI","화학","12700","-50","-0.39","147320000000"
"003240","태광산업","KOSPI","화학","1027000","6000","0.59","1143461800000"
"011280","태림포장","KOSPI","종이목재","4060","0","0.00","287472116400"
"004100","태양금속","KOSPI","운수장비","1365","-25","-1.80","50095500000"
"004105","태양금속우","KOSPI","운수장비","2300","5","0.22","7590000000"
"009410","태영건설","KOSPI","건설업","9950","230","2.37","387046025100"
"009415","태영건설우","KOSPI","건설업","10750","0","0.00","13998026500"
"001420","태원물산","KOSPI","운수장비","5060","30","0.60","38456000000"
"007980","태평양물산","KOSPI","섬유의복","2420","95","4.09","116522000540"
"055490","테이팩스","KOSPI","화학","79900","3200","4.17","376940235000"
"078000","텔코웨어","KOSPI","서비스업","10050","90","0.90","97512195300"
"214420","토니모리","KOSPI","화학","4850","50","1.04","116665775150"
"019180","티에이치엔","KOSPI","전기전자","4420","330","8.07","79560000000"
"363280","티와이홀딩스","KOSPI","기타금융","26000","100","0.39","1324160968000"
"36328K","티와이홀딩스우","KOSPI","기타금융","20800","100","0.48","26111030400"
"091810","티웨이항공","KOSPI","운수창고업","3330","-125","-3.62","367399829070"
"004870","티웨이홀딩스","KOSPI","비금속광물","716","-22","-2.98","78382071572"
"005690","파미셀","KOSPI","의약품","11050","50","0.45","662546397500"
"036580","팜스코","KOSPI","음식료품","6380","110","1.75","234324276340"
"004720","팜젠사이언스","KOSPI","의약품","9320","50","0.54","144246022120"
"028670","팬오션","KOSPI","운수창고업","6500","60","0.93","3474701828000"
"010820","퍼스텍","KOSPI","기계","4315","60","1.41","207385199900"
"016800","퍼시스","KOSPI","기타제조업","35700","-300","-0.83","410550000000"
"001020","페이퍼코리아","KOSPI","종이목재","1950","-30","-1.52","79755310050"
"090080","평화산업","KOSPI","운수장비","1590","10","0.63","87294591810"
"010770","평화홀딩스","KOSPI","운수장비","3655","-55","-1.48","53456078230"
"058430","포스코강판","KOSPI","철강금속","45300","1300","2.95","271800000000"
"047050","포스코인터내셔널","KOSPI","유통업","20000","350","1.78","2467502980000"
"003670","포스코케미칼","KOSPI","비금속광물","113500","500","0.44","8792075470000"
"017810","풀무원","KOSPI","음식료품","16400","100","0.61","625176888800"
"103140","풍산","KOSPI","철강금속","31950","1000","3.23","895375682100"
"005810","풍산홀딩스","KOSPI","기타금융","28600","200","0.70","297712500800"
"950210","프레스티지바이오파마","KOSPI","서비스업","14850","50","0.34","892427901750"
"009810","플레이그램","KOSPI","유통업","2280","80","3.64","204554910480"
"086790","하나금융지주","KOSPI","기타금융","50800","-400","-0.78","15252296749600"
"293480","하나제약","KOSPI","의약품","18750","150","0.81","333242737500"
"039130","하나투어","KOSPI","서비스업","77700","200","0.26","1083074674500"
"153360","하이골드3호","KOSPI","서비스업","2695","-5","-0.19","43523684050"
"352820","하이브","KOSPI","서비스업","281500","8000","2.93","11640978440500"
"071090","하이스틸","KOSPI","철강금속","3470","600","20.91","69398056800"
"019490","하이트론","KOSPI","전기전자","3550","595","20.14","34119845200"
"000080","하이트진로","KOSPI","음식료품","36000","-900","-2.44","2524809996000"
"000087","하이트진로2우B","KOSPI","음식료품","20150","-250","-1.23","22772280700"
"000140","하이트진로홀딩스","KOSPI","기타금융","13350","-350","-2.55","309810312750"
"000145","하이트진로홀딩스우","KOSPI","기타금융","16700","-50","-0.30","7862527000"
"152550","한국ANKOR유전","KOSPI","기타금융","1675","10","0.60","117283500000"
"036460","한국가스공사","KOSPI","전기가스업","38250","3500","10.07","3530972250000"
"005430","한국공항","KOSPI","운수창고업","46300","-200","-0.43","146602236500"
"071050","한국금융지주","KOSPI","기타금융","80200","2400","3.08","4469224558400"
"071055","한국금융지주우","KOSPI","기타금융","65500","1000","1.55","383715440500"
"010040","한국내화","KOSPI","비금속광물","3365","30","0.90","138190663630"
"025540","한국단자","KOSPI","전기전자","59200","1000","1.72","616568000000"
"004090","한국석유","KOSPI","비금속광물","17900","-300","-1.65","227224748000"
"002200","한국수출포장","KOSPI","종이목재","22950","200","0.88","91800000000"
"002960","한국쉘석유","KOSPI","화학","252500","1000","0.40","328250000000"
"000240","한국앤컴퍼니","KOSPI","기타금융","13350","50","0.38","1267385454000"
"123890","한국자산신탁","KOSPI","기타금융","3680","0","0.00","456238127360"
"015760","한국전력","KOSPI","전기가스업","22400","-50","-0.22","14379995324800"
"006200","한국전자홀딩스","KOSPI","기타금융","1900","55","2.98","88925958400"
"009540","한국조선해양","KOSPI","운수장비","89000","5800","6.97","6298807324000"
"023350","한국종합기술","KOSPI","서비스업","6470","-50","-0.77","70846500000"
"025890","한국주강","KOSPI","기계","4685","55","1.19","52983878415"
"000970","한국주철관","KOSPI","철강금속","9440","220","2.39","215236720000"
"104700","한국철강","KOSPI","철강금속","8320","230","2.84","383136000000"
"017960","한국카본","KOSPI","기계","11850","1600","15.61","520934970450"
"161890","한국콜마","KOSPI","화학","46700","50","0.11","1068551106000"
"024720","한국콜마홀딩스","KOSPI","기타금융","21000","-350","-1.64","390111099000"
"161390","한국타이어앤테크놀로지","KOSPI","화학","35000","50","0.14","4335627415000"
"034830","한국토지신탁","KOSPI","기타금융","2195","-5","-0.23","554213859850"
"007280","한국특강","KOSPI","철강금속","3115","115","3.83","165850312740"
"168490","한국패러랠","KOSPI","기타금융","2200","0","0.00","176044000000"
"010100","한국프랜지","KOSPI","운수장비","2655","5","0.19","80845865100"
"047810","한국항공우주","KOSPI","운수장비","33650","200","0.60","3280037350550"
"123690","한국화장품","KOSPI","유통업","8710","20","0.23","139952280000"
"003350","한국화장품제조","KOSPI","화학","28700","400","1.41","130068400000"
"011500","한농화성","KOSPI","화학","14100","150","1.08","220482292200"
"002390","한독","KOSPI","의약품","20600","100","0.49","283528779800"
"014790","한라","KOSPI","건설업","5390","130","2.47","204057859390"
"060980","한라홀딩스","KOSPI","기타금융","41200","700","1.73","431449284000"
"053690","한미글로벌","KOSPI","서비스업","12600","300","2.44","138065130000"
"042700","한미반도체","KOSPI","기계","34400","1100","3.30","1701419768800"
"008930","한미사이언스","KOSPI","기타금융","48300","-100","-0.21","3314523937200"
"128940","한미약품","KOSPI","의약품","261000","2000","0.77","3214990431000"
"009240","한샘","KOSPI","유통업","73200","1400","1.95","1722683529600"
"020000","한섬","KOSPI","섬유의복","36000","1250","3.60","886680000000"
"003680","한성기업","KOSPI","음식료품","6020","-50","-0.82","37381280300"
"105630","한세실업","KOSPI","섬유의복","22650","600","2.72","906000000000"
"069640","한세엠케이","KOSPI","유통업","4055","95","2.40","52347300710"
"016450","한세예스24홀딩스","KOSPI","섬유의복","6220","-10","-0.16","248800000000"
"010420","한솔PNS","KOSPI","유통업","1945","15","0.78","39858908340"
"009180","한솔로지스틱스","KOSPI","운수창고업","3485","10","0.29","95758826125"
"213500","한솔제지","KOSPI","종이목재","12450","150","1.22","296317171200"
"014680","한솔케미칼","KOSPI","화학","217000","6000","2.84","2459737315000"
"004710","한솔테크닉스","KOSPI","전기전자","6350","50","0.79","203897725300"
"004150","한솔홀딩스","KOSPI","기타금융","3270","35","1.08","137368046790"
"025750","한솔홈데코","KOSPI","종이목재","1595","45","2.90","128501412655"
"004960","한신공영","KOSPI","건설업","16350","300","1.87","189180977700"
"011700","한신기계","KOSPI","기계","3710","50","1.37","120375220210"
"001750","한양증권","KOSPI","증권","14650","50","0.34","186473023100"
"001755","한양증권우","KOSPI","증권","18100","200","1.12","9502500000"
"018880","한온시스템","KOSPI","기계","12050","50","0.42","6432290000000"
"009420","한올바이오파마","KOSPI","의약품","18450","50","0.27","963839771100"
"014130","한익스프레스","KOSPI","운수창고업","5760","110","1.95","69120000000"
"300720","한일시멘트","KOSPI","비금속광물","18300","200","1.10","1267486182000"
"002220","한일철강","KOSPI","철강금속","3525","175","5.22","94108546500"
"006390","한일현대시멘트","KOSPI","비금속광물","29150","400","1.39","518127695250"
"003300","한일홀딩스","KOSPI","비금속광물","12300","200","1.65","354434094000"
"051600","한전KPS","KOSPI","건설업","35700","800","2.29","1606500000000"
"052690","한전기술","KOSPI","서비스업","83500","900","1.09","3191370000000"
"130660","한전산업","KOSPI","서비스업","11750","250","2.17","383050000000"
"002320","한진","KOSPI","운수창고업","28700","-50","-0.17","428996923600"
"003480","한진중공업홀딩스","KOSPI","전기가스업","4030","-15","-0.37","119005142360"
"180640","한진칼","KOSPI","운수창고업","55400","500","0.91","3697346417000"
"18064K","한진칼우","KOSPI","운수창고업","33000","400","1.23","17713278000"
"005110","한창","KOSPI","유통업","795","-2","-0.25","53098263855"
"009460","한창제지","KOSPI","종이목재","2015","25","1.26","120229984290"
"372910","한컴라이프케어","KOSPI","의료정밀","6680","10","0.15","184865032080"
"000880","한화","KOSPI","화학","29300","800","2.81","2196290935500"
"00088K","한화3우B","KOSPI","화학","14850","100","0.68","333709200000"
"088350","한화생명","KOSPI","보험","3010","15","0.50","2614275300000"
"000370","한화손해보험","KOSPI","보험","3830","95","2.54","447110044450"
"009830","한화솔루션","KOSPI","화학","32550","600","1.88","6226115077350"
"009835","한화솔루션우","KOSPI","화학","32300","500","1.57","36296705100"
"272210","한화시스템","KOSPI","전기전자","14900","100","0.68","2814898896100"
"012450","한화에어로스페이스","KOSPI","운수장비","46300","1000","2.21","2344169000000"
"000885","한화우","KOSPI","화학","35950","800","2.28","17230619300"
"003530","한화투자증권","KOSPI","증권","4835","25","0.52","1037338492125"
"003535","한화투자증권우","KOSPI","증권","10650","0","0.00","51120000000"
"195870","해성디에스","KOSPI","전기전자","50500","1150","2.33","858500000000"
"101530","해태제과식품","KOSPI","음식료품","7930","100","1.28","230896398460"
"143210","핸즈코퍼레이션","KOSPI","운수장비","4880","5","0.10","106692747840"
"000720","현대건설","KOSPI","건설업","43050","1100","2.62","4793865683250"
"267270","현대건설기계","KOSPI","기계","34000","700","2.10","669826962000"
"000725","현대건설우","KOSPI","건설업","63800","-200","-0.31","67289413400"
"005440","현대그린푸드","KOSPI","유통업","8470","110","1.32","827556962540"
"086280","현대글로비스","KOSPI","운수창고업","175500","5500","3.24","6581250000000"
"042670","현대두산인프라코어","KOSPI","기계","6660","120","1.83","1314925631460"
"064350","현대로템","KOSPI","운수장비","19450","600","3.18","2122817598850"
"079430","현대리바트","KOSPI","기타제조업","13500","250","1.89","277226307000"
"012330","현대모비스","KOSPI","운수장비","229000","2500","1.10","21657238526000"
"010620","현대미포조선","KOSPI","운수장비","81500","8100","11.04","3255285143500"
"069960","현대백화점","KOSPI","유통업","77900","400","0.52","1823050153900"
"004560","현대비앤지스틸","KOSPI","철강금속","16150","850","5.56","243522797650"
"004565","현대비앤지스틸우","KOSPI","철강금속","72000","2500","3.60","7909344000"
"004310","현대약품","KOSPI","의약품","4945","30","0.61","158240000000"
"322000","현대에너지솔루션","KOSPI","전기전자","21400","100","0.47","239680000000"
"017800","현대엘리베이","KOSPI","기계","37400","750","2.05","1526488143400"
"307950","현대오토에버","KOSPI","서비스업","110000","1500","1.38","3016638020000"
"011210","현대위아","KOSPI","운수장비","65100","1100","1.72","1770399903300"
"267260","현대일렉트릭","KOSPI","전기전자","19450","0","0.00","701116775750"
"004020","현대제철","KOSPI","철강금속","39900","700","1.79","5324486821500"
"329180","현대중공업","KOSPI","운수장비","109500","7500","7.35","9720656202000"
"267250","현대중공업지주","KOSPI","화학","50900","2100","4.30","4020748026500"
"005380","현대차","KOSPI","운수장비","180500","-1000","-0.55","38567107753500"
"005387","현대차2우B","KOSPI","운수장비","91700","-1100","-1.19","3345715856700"
"005389","현대차3우B","KOSPI","운수장비","87000","0","0.00","211299945000"
"005385","현대차우","KOSPI","운수장비","91200","-700","-0.76","2221329672000"
"001500","현대차증권","KOSPI","증권","11100","150","1.37","352009438200"
"011760","현대코퍼레이션","KOSPI","유통업","16300","500","3.16","215632145800"
"227840","현대코퍼레이션홀딩스","KOSPI","유통업","10700","200","1.90","97378945200"
"126560","현대퓨처넷","KOSPI","서비스업","3500","0","0.00","395068086000"
"001450","현대해상","KOSPI","보험","28850","1300","4.72","2579190000000"
"057050","현대홈쇼핑","KOSPI","유통업","59700","700","1.19","716400000000"
"093240","형지엘리트","KOSPI","섬유의복","2345","25","1.08","73058001310"
"003010","혜인","KOSPI","유통업","5760","0","0.00","73225422720"
"111110","호전실업","KOSPI","섬유의복","9840","80","0.82","93416797680"
"008770","호텔신라","KOSPI","유통업","81500","200","0.25","3198721861500"
"008775","호텔신라우","KOSPI","유통업","72400","200","0.28","54436039600"
"002460","화성산업","KOSPI","건설업","23500","3450","17.21","292593800000"
"378850","화승알앤에이","KOSPI","운수장비","4540","45","1.00","86231048420"
"241590","화승엔터프라이즈","KOSPI","기타제조업","16950","450","2.73","1026746809350"
"006060","화승인더","KOSPI","화학","5370","20","0.37","297068400000"
"013520","화승코퍼레이션","KOSPI","운수장비","1970","80","4.23","98600966440"
"010690","화신","KOSPI","운수장비","6760","110","1.65","236061971600"
"133820","화인베스틸","KOSPI","철강금속","3685","365","10.99","108891750000"
"010660","화천기계","KOSPI","기계","2395","0","0.00","52690000000"
"000850","화천기공","KOSPI","기계","32150","-50","-0.16","70730000000"
"016580","환인제약","KOSPI","의약품","16500","0","0.00","306901155000"
"032560","황금에스티","KOSPI","철강금속","9160","100","1.10","146560000000"
"004800","효성","KOSPI","기타금융","82700","900","1.10","1742573767500"
"094280","효성ITX","KOSPI","서비스업","16900","350","2.11","195333580000"
"298040","효성중공업","KOSPI","전기전자","54000","200","0.37","503525592000"
"298050","효성첨단소재","KOSPI","화학","459500","17000","3.84","2058536106000"
"298020","효성티앤씨","KOSPI","화학","478000","16000","3.46","2068631996000"
"298000","효성화학","KOSPI","화학","275500","500","0.18","878879713000"
"093370","후성","KOSPI","화학","19850","400","2.06","1838245357150"
"081660","휠라홀딩스","KOSPI","유통업","32050","850","2.72","1947108715100"
"005870","휴니드","KOSPI","전기전자","7790","-370","-4.53","109963756850"
"079980","휴비스","KOSPI","화학","6920","30","0.44","238740000000"
"005010","휴스틸","KOSPI","철강금속","17400","1500","9.43","136374501000"
"069260","휴켐스","KOSPI","화학","22150","650","3.02","905460724200"
"000540","흥국화재","KOSPI","보험","3690","20","0.54","237055360050"
"000547","흥국화재2우B","KOSPI","보험","28450","-350","-1.22","4369920000"
"000545","흥국화재우","KOSPI","보험","7880","70","0.90","6051840000"
"003280","흥아해운","KOSPI","운수창고업","3070","215","7.53","738104439930"